{
  "platform": "colab",
  "run_name": "colab_20260317_121925",
  "device": "cuda",
  "seed": 42,
  "experiments": [
    {
      "exp_id": "0A_fp32_noprop",
      "step": 800,
      "train_loss": 0.5787104417880377,
      "val_loss": 10.138767528533936,
      "val_ppl": 25305.259248162085,
      "grad_norm": 0.12985408633326864,
      "dead_rate": 6.357828776041666e-07,
      "max_mem_gb": 2.5702695846557617,
      "elapsed_sec": 139.2,
      "checkpoint": "/content/drive/MyDrive/drex_parallel_results/colab_20260317_121925/checkpoints/0A_fp32_noprop_step_0000800.pt",
      "gate_ppl_pass": true,
      "gate_dead_pass": true
    },
    {
      "exp_id": "1A_noprop_ste",
      "step": 800,
      "train_loss": 0.5337230563163757,
      "val_loss": 9.93137945175171,
      "val_ppl": 20565.690400996653,
      "grad_norm": 0.03931342357631058,
      "dead_rate": 1.2715657552083333e-06,
      "max_mem_gb": 2.5702695846557617,
      "elapsed_sec": 141.9,
      "checkpoint": "/content/drive/MyDrive/drex_parallel_results/colab_20260317_121925/checkpoints/1A_noprop_ste_step_0000800.pt",
      "gate_ppl_pass": true,
      "gate_dead_pass": true
    }
  ]
}