{
  "platform": "colab",
  "run_name": "colab_20260316_183551",
  "device": "cuda",
  "seed": 42,
  "experiments": [
    {
      "exp_id": "0A_fp32_noprop",
      "step": 800,
      "train_loss": 0.6619795362154642,
      "val_loss": 10.20894681930542,
      "val_ppl": 27144.96397768238,
      "grad_norm": 0.1444289815883324,
      "dead_rate": 1.2715657552083333e-06,
      "max_mem_gb": 2.5702695846557617,
      "elapsed_sec": 356.2,
      "checkpoint": "/content/drive/MyDrive/drex_parallel_results/colab_20260316_183551/checkpoints/0A_fp32_noprop_step_0000800.pt",
      "gate_ppl_pass": true,
      "gate_dead_pass": true
    },
    {
      "exp_id": "1A_noprop_ste",
      "step": 800,
      "train_loss": 0.5919665296872457,
      "val_loss": 9.754903392791748,
      "val_ppl": 17238.54929045736,
      "grad_norm": 0.041545174606126445,
      "dead_rate": 9.5367431640625e-07,
      "max_mem_gb": 2.583889961242676,
      "elapsed_sec": 370.9,
      "checkpoint": "/content/drive/MyDrive/drex_parallel_results/colab_20260316_183551/checkpoints/1A_noprop_ste_step_0000800.pt",
      "gate_ppl_pass": true,
      "gate_dead_pass": true
    }
  ]
}