{
  "platform": "lightning",
  "run_name": "lightning_20260317_122206",
  "device": "cuda",
  "seed": 42,
  "experiments": [
    {
      "exp_id": "1D_noprop_hestia",
      "step": 1200,
      "train_loss": 0.47160757581392926,
      "val_loss": 9.970733280181884,
      "val_ppl": 21391.165318417086,
      "grad_norm": 0.05092095032028048,
      "dead_rate": 3.178914388020833e-07,
      "max_mem_gb": 2.5702695846557617,
      "tau": 0.3933,
      "elapsed_sec": 205.4,
      "checkpoint": "/teamspace/studios/this_studio/drex_parallel_results/lightning_20260317_122206/checkpoints/1D_noprop_hestia_step_0001200.pt",
      "gate_ppl_pass": true,
      "gate_dead_pass": true
    }
  ]
}