{
  "experiment_id": "exp_17_4",
  "hypothesis": "Query-conditioned write gain scales linearly with query predictability (Pearson r > 0.85).",
  "outcome": "INCONCLUSIVE",
  "metrics": {
    "acc_A_p000": 0.0685,
    "acc_B_p000": 0.1615,
    "gap_p000": 0.0929,
    "acc_A_p033": 0.0302,
    "acc_B_p033": 0.1892,
    "gap_p033": 0.159,
    "acc_A_p066": 0.1097,
    "acc_B_p066": 0.0761,
    "gap_p066": -0.0335,
    "acc_A_p100": 0.1989,
    "acc_B_p100": 0.0343,
    "gap_p100": -0.1646,
    "pearson_r": -0.8727,
    "gap_variance": 0.015348
  },
  "notes": "r=-0.873 between 0.5 and 0.85",
  "error": "",
  "timestamp": "2026-03-08T23:13:59.901783+00:00",
  "duration_seconds": 36.60779379098676,
  "config": {
    "VOCAB_SIZE": 64,
    "HIDDEN_DIM": 64,
    "SEQ_LEN": 32,
    "NUM_QUERY_TYPES": 4,
    "STEPS": 400,
    "BATCH": 32,
    "MEMORY_SLOTS": 8,
    "PREDICTABILITY_LEVELS": [
      0.0,
      0.33,
      0.66,
      1.0
    ]
  },
  "seed": 42
}